a_c84316f5_0_lc.jpg, lc
a_c84316f5_1_lo.jpg, lo
a_c84316f5_2_lq.jpg, lq
a_c84316f5_3_lw.jpg, lw
a_c84316f5_4_le.jpg, le
a_c84316f5_5_l1.jpg, l1
a_c84316f5_6_l2.jpg, l2
a_c84316f5_7_l3.jpg, l3
a_c84316f5_8_l4.jpg, l4
a_c84316f5_9_l5.jpg, l5
a_c84316f5_10_mc.jpg, mc
a_c84316f5_11_mo.jpg, mo
a_c84316f5_12_mq.jpg, mq
a_c84316f5_13_mw.jpg, mw
a_c84316f5_14_me.jpg, me
a_c84316f5_15_m1.jpg, m1
a_c84316f5_16_m2.jpg, m2
a_c84316f5_17_m3.jpg, m3
a_c84316f5_18_m4.jpg, m4
a_c84316f5_19_m5.jpg, m5
a_c84316f5_20_rc.jpg, rc
a_c84316f5_21_ro.jpg, ro
a_c84316f5_22_rq.jpg, rq
a_c84316f5_23_rw.jpg, rw
a_c84316f5_24_re.jpg, re
a_c84316f5_25_r1.jpg, r1
a_c84316f5_26_r2.jpg, r2
a_c84316f5_27_r3.jpg, r3
a_c84316f5_28_r4.jpg, r4
a_c84316f5_29_r5.jpg, r5
a_c84316f5_30_lc.jpg, lc
a_c84316f5_31_lo.jpg, lo
a_c84316f5_32_lq.jpg, lq
a_c84316f5_33_lw.jpg, lw
a_c84316f5_34_le.jpg, le
a_c84316f5_35_l1.jpg, l1
a_c84316f5_36_l2.jpg, l2
a_c84316f5_37_l3.jpg, l3
a_c84316f5_38_l4.jpg, l4
a_c84316f5_39_l5.jpg, l5
a_c84316f5_40_mc.jpg, mc
a_c84316f5_41_mo.jpg, mo
a_c84316f5_42_mq.jpg, mq
a_c84316f5_43_mw.jpg, mw
a_c84316f5_44_me.jpg, me
a_c84316f5_45_m1.jpg, m1
a_c84316f5_46_m2.jpg, m2
a_c84316f5_47_m3.jpg, m3
a_c84316f5_48_m4.jpg, m4
a_c84316f5_49_m5.jpg, m5
a_c84316f5_50_rc.jpg, rc
a_c84316f5_51_ro.jpg, ro
a_c84316f5_52_rq.jpg, rq
a_c84316f5_53_rw.jpg, rw
a_c84316f5_54_re.jpg, re
a_c84316f5_55_r1.jpg, r1
a_c84316f5_56_r2.jpg, r2
a_c84316f5_57_r3.jpg, r3
a_c84316f5_58_r4.jpg, r4
a_c84316f5_59_r5.jpg, r5
a_c84316f5_60_lc.jpg, lc
a_c84316f5_61_lo.jpg, lo
a_c84316f5_62_lq.jpg, lq
a_c84316f5_63_lw.jpg, lw
a_c84316f5_64_le.jpg, le
a_c84316f5_65_l1.jpg, l1
a_c84316f5_66_l2.jpg, l2
a_c84316f5_67_l3.jpg, l3
a_c84316f5_68_l4.jpg, l4
a_c84316f5_69_l5.jpg, l5
a_c84316f5_70_mc.jpg, mc
a_c84316f5_71_mo.jpg, mo
a_c84316f5_72_mq.jpg, mq
a_c84316f5_73_mw.jpg, mw
a_c84316f5_74_me.jpg, me
a_c84316f5_75_m1.jpg, m1
a_c84316f5_76_m2.jpg, m2
a_c84316f5_77_m3.jpg, m3
a_c84316f5_78_m4.jpg, m4
a_c84316f5_79_m5.jpg, m5
a_c84316f5_80_rc.jpg, rc
a_c84316f5_81_ro.jpg, ro
a_c84316f5_82_rq.jpg, rq
a_c84316f5_83_rw.jpg, rw
a_c84316f5_84_re.jpg, re
a_c84316f5_85_r1.jpg, r1
a_c84316f5_86_r2.jpg, r2
a_c84316f5_87_r3.jpg, r3
a_c84316f5_88_r4.jpg, r4
a_c84316f5_89_r5.jpg, r5
a_c84316f5_90_lc.jpg, lc
a_c84316f5_91_lo.jpg, lo
a_c84316f5_92_lq.jpg, lq
a_c84316f5_93_lw.jpg, lw
a_c84316f5_94_le.jpg, le
a_c84316f5_95_l1.jpg, l1
a_c84316f5_96_l2.jpg, l2
a_c84316f5_97_l3.jpg, l3
a_c84316f5_98_l4.jpg, l4
a_c84316f5_99_l5.jpg, l5
a_c84316f5_100_mc.jpg, mc
a_c84316f5_101_mo.jpg, mo
a_c84316f5_102_mq.jpg, mq
a_c84316f5_103_mw.jpg, mw
a_c84316f5_104_me.jpg, me
a_c84316f5_105_m1.jpg, m1
a_c84316f5_106_m2.jpg, m2
a_c84316f5_107_m3.jpg, m3
a_c84316f5_108_m4.jpg, m4
a_c84316f5_109_m5.jpg, m5
a_c84316f5_110_rc.jpg, rc
a_c84316f5_111_ro.jpg, ro
a_c84316f5_112_rq.jpg, rq
a_c84316f5_113_rw.jpg, rw
a_c84316f5_114_re.jpg, re
a_c84316f5_115_r1.jpg, r1
a_c84316f5_116_r2.jpg, r2
a_c84316f5_117_r3.jpg, r3
a_c84316f5_118_r4.jpg, r4
a_c84316f5_119_r5.jpg, r5
a_c84316f5_120_lc.jpg, lc
a_c84316f5_121_lo.jpg, lo
a_c84316f5_122_lq.jpg, lq
a_c84316f5_123_lw.jpg, lw
a_c84316f5_124_le.jpg, le
a_c84316f5_125_l1.jpg, l1
a_c84316f5_126_l2.jpg, l2
a_c84316f5_127_l3.jpg, l3
a_c84316f5_128_l4.jpg, l4
a_c84316f5_129_l5.jpg, l5
a_c84316f5_130_mc.jpg, mc
a_c84316f5_131_mo.jpg, mo
a_c84316f5_132_mq.jpg, mq
a_c84316f5_133_mw.jpg, mw
a_c84316f5_134_me.jpg, me
a_c84316f5_135_m1.jpg, m1
a_c84316f5_136_m2.jpg, m2
a_c84316f5_137_m3.jpg, m3
a_c84316f5_138_m4.jpg, m4
a_c84316f5_139_m5.jpg, m5
a_c84316f5_140_rc.jpg, rc
a_c84316f5_141_ro.jpg, ro
a_c84316f5_142_rq.jpg, rq
a_c84316f5_143_rw.jpg, rw
a_c84316f5_144_re.jpg, re
a_c84316f5_145_r1.jpg, r1
a_c84316f5_146_r2.jpg, r2
a_c84316f5_147_r3.jpg, r3
a_c84316f5_148_r4.jpg, r4
a_c84316f5_149_r5.jpg, r5
a_c84316f5_150_lc.jpg, lc
a_c84316f5_151_lo.jpg, lo
a_c84316f5_152_lq.jpg, lq
a_c84316f5_153_lw.jpg, lw
a_c84316f5_154_le.jpg, le
a_c84316f5_155_l1.jpg, l1
a_c84316f5_156_l2.jpg, l2
a_c84316f5_157_l3.jpg, l3
a_c84316f5_158_l4.jpg, l4
a_c84316f5_159_l5.jpg, l5
a_c84316f5_160_mc.jpg, mc
a_c84316f5_161_mo.jpg, mo
a_c84316f5_162_mq.jpg, mq
a_c84316f5_163_mw.jpg, mw
a_c84316f5_164_me.jpg, me
a_c84316f5_165_m1.jpg, m1
a_c84316f5_166_m2.jpg, m2
a_c84316f5_167_m3.jpg, m3
a_c84316f5_168_m4.jpg, m4
a_c84316f5_169_m5.jpg, m5
a_c84316f5_170_rc.jpg, rc
a_c84316f5_171_ro.jpg, ro
a_c84316f5_172_rq.jpg, rq
a_c84316f5_173_rw.jpg, rw
a_c84316f5_174_re.jpg, re
a_c84316f5_175_r1.jpg, r1
a_c84316f5_176_r2.jpg, r2
a_c84316f5_177_r3.jpg, r3
a_c84316f5_178_r4.jpg, r4
a_c84316f5_179_r5.jpg, r5
a_c84316f5_180_lc.jpg, lc
a_c84316f5_181_lo.jpg, lo
a_c84316f5_182_lq.jpg, lq
a_c84316f5_183_lw.jpg, lw
a_c84316f5_184_le.jpg, le
a_c84316f5_185_l1.jpg, l1
a_c84316f5_186_l2.jpg, l2
a_c84316f5_187_l3.jpg, l3
a_c84316f5_188_l4.jpg, l4
a_c84316f5_189_l5.jpg, l5
a_c84316f5_190_mc.jpg, mc
a_c84316f5_191_mo.jpg, mo
a_c84316f5_192_mq.jpg, mq
a_c84316f5_193_mw.jpg, mw
a_c84316f5_194_me.jpg, me
a_c84316f5_195_m1.jpg, m1
a_c84316f5_196_m2.jpg, m2
a_c84316f5_197_m3.jpg, m3
a_c84316f5_198_m4.jpg, m4
a_c84316f5_199_m5.jpg, m5
a_c84316f5_200_rc.jpg, rc
a_c84316f5_201_ro.jpg, ro
a_c84316f5_202_rq.jpg, rq
a_c84316f5_203_rw.jpg, rw
a_c84316f5_204_re.jpg, re
a_c84316f5_205_r1.jpg, r1
a_c84316f5_206_r2.jpg, r2
a_c84316f5_207_r3.jpg, r3
a_c84316f5_208_r4.jpg, r4
a_c84316f5_209_r5.jpg, r5
a_c84316f5_210_lc.jpg, lc
a_c84316f5_211_lo.jpg, lo
a_c84316f5_212_lq.jpg, lq
a_c84316f5_213_lw.jpg, lw
a_c84316f5_214_le.jpg, le
a_c84316f5_215_l1.jpg, l1
a_c84316f5_216_l2.jpg, l2
a_c84316f5_217_l3.jpg, l3
a_c84316f5_218_l4.jpg, l4
a_c84316f5_219_l5.jpg, l5
a_c84316f5_220_mc.jpg, mc
a_c84316f5_221_mo.jpg, mo
a_c84316f5_222_mq.jpg, mq
a_c84316f5_223_mw.jpg, mw
a_c84316f5_224_me.jpg, me
a_c84316f5_225_m1.jpg, m1
a_c84316f5_226_m2.jpg, m2
a_c84316f5_227_m3.jpg, m3
a_c84316f5_228_m5.jpg, m5
a_c84316f5_229_m4.jpg, m4
a_c84316f5_230_rc.jpg, rc
a_c84316f5_231_ro.jpg, ro
a_c84316f5_232_rq.jpg, rq
a_c84316f5_233_rw.jpg, rw
a_c84316f5_234_re.jpg, re
a_c84316f5_235_r1.jpg, r1
a_c84316f5_236_r2.jpg, r2
a_c84316f5_237_r3.jpg, r3
a_c84316f5_238_r4.jpg, r4
a_c84316f5_239_r5.jpg, r5
a_c84316f5_240_lc.jpg, lc
a_c84316f5_241_lo.jpg, lo
a_c84316f5_242_lq.jpg, lq
a_c84316f5_243_lw.jpg, lw
a_c84316f5_244_le.jpg, le
a_c84316f5_245_l1.jpg, l1
a_c84316f5_246_l2.jpg, l2
a_c84316f5_247_l3.jpg, l3
a_c84316f5_248_l4.jpg, l4
a_c84316f5_249_l5.jpg, l5
a_c84316f5_250_mc.jpg, mc
a_c84316f5_251_mo.jpg, mo
a_c84316f5_252_mq.jpg, mq
a_c84316f5_253_mw.jpg, mw
a_c84316f5_254_m1.jpg, m1
a_c84316f5_255_m1.jpg, m1
a_c84316f5_256_m2.jpg, m2
a_c84316f5_257_m3.jpg, m3
a_c84316f5_258_m4.jpg, m4
a_c84316f5_259_m5.jpg, m5
a_c84316f5_260_rc.jpg, rc
a_c84316f5_261_ro.jpg, ro
a_c84316f5_262_rq.jpg, rq
a_c84316f5_263_rw.jpg, rw
a_c84316f5_264_re.jpg, re
a_c84316f5_265_r1.jpg, r1
a_c84316f5_266_r2.jpg, r2
a_c84316f5_267_r3.jpg, r3
a_c84316f5_268_r4.jpg, r4
a_c84316f5_269_r5.jpg, r5
a_c84316f5_270_lc.jpg, lc
a_c84316f5_271_lo.jpg, lo
a_c84316f5_272_lq.jpg, lq
a_c84316f5_273_lw.jpg, lw
a_c84316f5_274_le.jpg, le
a_c84316f5_275_l1.jpg, l1
a_c84316f5_276_l2.jpg, l2
a_c84316f5_277_l3.jpg, l3
a_c84316f5_278_l4.jpg, l4
a_c84316f5_279_l5.jpg, l5
a_c84316f5_280_mc.jpg, mc
a_c84316f5_281_mo.jpg, mo
a_c84316f5_282_mq.jpg, mq
a_c84316f5_283_mw.jpg, mw
a_c84316f5_284_me.jpg, me
a_c84316f5_285_m2.jpg, m2
a_c84316f5_286_m2.jpg, m2
a_c84316f5_287_m3.jpg, m3
a_c84316f5_288_m4.jpg, m4
a_c84316f5_289_m5.jpg, m5
a_c84316f5_290_rc.jpg, rc
a_c84316f5_291_ro.jpg, ro
a_c84316f5_292_rq.jpg, rq
a_c84316f5_293_rw.jpg, rw
a_c84316f5_294_re.jpg, re
a_c84316f5_295_r1.jpg, r1
a_c84316f5_296_r2.jpg, r2
a_c84316f5_297_r3.jpg, r3
a_c84316f5_298_r4.jpg, r4
a_c84316f5_299_r5.jpg, r5
a_c84316f5_300_lc.jpg, lc
a_c84316f5_302_lo.jpg, lo
a_c84316f5_303_lq.jpg, lq
a_c84316f5_304_lw.jpg, lw
a_c84316f5_305_le.jpg, le
a_c84316f5_306_l1.jpg, l1
a_c84316f5_307_l2.jpg, l2
a_c84316f5_308_l3.jpg, l3
a_c84316f5_309_l4.jpg, l4
a_c84316f5_310_l5.jpg, l5
a_c84316f5_311_mc.jpg, mc
a_c84316f5_312_mo.jpg, mo
a_c84316f5_313_mq.jpg, mq
a_c84316f5_314_mw.jpg, mw
a_c84316f5_315_me.jpg, me
a_c84316f5_316_m1.jpg, m1
a_c84316f5_317_m2.jpg, m2
a_c84316f5_318_m3.jpg, m3
a_c84316f5_319_m4.jpg, m4
a_c84316f5_320_m5.jpg, m5
a_c84316f5_321_rc.jpg, rc
a_c84316f5_322_ro.jpg, ro
a_c84316f5_323_rq.jpg, rq
a_c84316f5_324_rw.jpg, rw
a_c84316f5_325_re.jpg, re
a_c84316f5_326_r1.jpg, r1
a_c84316f5_327_r2.jpg, r2
a_c84316f5_328_r3.jpg, r3
a_c84316f5_329_r4.jpg, r4
a_c84316f5_330_r5.jpg, r5
a_c84316f5_331_lc.jpg, lc
a_c84316f5_332_lo.jpg, lo
a_c84316f5_333_lq.jpg, lq
a_c84316f5_334_lw.jpg, lw
a_c84316f5_335_le.jpg, le
a_c84316f5_336_l1.jpg, l1
a_c84316f5_337_l2.jpg, l2
a_c84316f5_338_l3.jpg, l3
a_c84316f5_339_l4.jpg, l4
a_c84316f5_340_l5.jpg, l5
a_c84316f5_341_mc.jpg, mc
a_c84316f5_342_mo.jpg, mo
a_c84316f5_343_mq.jpg, mq
a_c84316f5_344_mw.jpg, mw
a_c84316f5_345_me.jpg, me
a_c84316f5_346_m1.jpg, m1
a_c84316f5_347_m2.jpg, m2
a_c84316f5_348_m3.jpg, m3
a_c84316f5_349_m4.jpg, m4
a_c84316f5_350_m5.jpg, m5
a_c84316f5_351_rc.jpg, rc
a_c84316f5_352_ro.jpg, ro
a_c84316f5_353_rq.jpg, rq
a_c84316f5_354_rw.jpg, rw
a_c84316f5_355_re.jpg, re
a_c84316f5_356_r1.jpg, r1
a_c84316f5_357_r2.jpg, r2
a_c84316f5_358_r3.jpg, r3
a_c84316f5_359_r4.jpg, r4
a_c84316f5_360_r5.jpg, r5
a_c84316f5_361_lc.jpg, lc
a_c84316f5_362_lo.jpg, lo
a_c84316f5_363_lq.jpg, lq
a_c84316f5_364_lw.jpg, lw
a_c84316f5_365_le.jpg, le
a_c84316f5_366_l1.jpg, l1
a_c84316f5_367_l2.jpg, l2
a_c84316f5_368_l3.jpg, l3
a_c84316f5_369_l4.jpg, l4
a_c84316f5_370_l5.jpg, l5
a_c84316f5_371_mc.jpg, mc
a_c84316f5_372_mo.jpg, mo
a_c84316f5_373_mq.jpg, mq
a_c84316f5_374_mw.jpg, mw
a_c84316f5_375_me.jpg, me
a_c84316f5_376_m1.jpg, m1
a_c84316f5_377_m2.jpg, m2
a_c84316f5_378_m3.jpg, m3
a_c84316f5_379_m4.jpg, m4
a_c84316f5_380_m5.jpg, m5
a_c84316f5_381_rc.jpg, rc
a_c84316f5_382_ro.jpg, ro
a_c84316f5_383_rq.jpg, rq
a_c84316f5_384_rw.jpg, rw
a_c84316f5_385_re.jpg, re
a_c84316f5_386_r1.jpg, r1
a_c84316f5_387_r2.jpg, r2
a_c84316f5_388_r3.jpg, r3
a_c84316f5_389_r4.jpg, r4
a_c84316f5_390_r5.jpg, r5
a_c84316f5_391_lc.jpg, lc
a_c84316f5_392_lo.jpg, lo
a_c84316f5_393_lq.jpg, lq
a_c84316f5_394_lw.jpg, lw
a_c84316f5_395_le.jpg, le
a_c84316f5_396_l1.jpg, l1
a_c84316f5_397_l2.jpg, l2
a_c84316f5_398_l3.jpg, l3
a_c84316f5_399_l4.jpg, l4
a_c84316f5_400_l5.jpg, l5
a_c84316f5_401_mc.jpg, mc
a_c84316f5_402_mo.jpg, mo
a_c84316f5_403_mq.jpg, mq
a_c84316f5_404_mw.jpg, mw
a_c84316f5_405_me.jpg, me
a_c84316f5_406_m1.jpg, m1
a_c84316f5_407_m2.jpg, m2
a_c84316f5_408_m3.jpg, m3
a_c84316f5_409_m4.jpg, m4
a_c84316f5_410_m5.jpg, m5
a_c84316f5_411_rc.jpg, rc
a_c84316f5_412_ro.jpg, ro
a_c84316f5_413_rq.jpg, rq
a_c84316f5_414_rw.jpg, rw
a_c84316f5_415_re.jpg, re
a_c84316f5_416_r1.jpg, r1
a_c84316f5_417_r2.jpg, r2
a_c84316f5_418_r3.jpg, r3
a_c84316f5_419_r4.jpg, r4
a_c84316f5_420_r5.jpg, r5
a_c84316f5_421_lc.jpg, lc
a_c84316f5_422_lo.jpg, lo
a_c84316f5_423_lq.jpg, lq
a_c84316f5_424_lw.jpg, lw
a_c84316f5_425_le.jpg, le
a_c84316f5_426_l1.jpg, l1
a_c84316f5_427_l2.jpg, l2
a_c84316f5_428_l3.jpg, l3
a_c84316f5_429_l4.jpg, l4
a_c84316f5_430_l5.jpg, l5
a_c84316f5_431_mc.jpg, mc
a_c84316f5_432_mo.jpg, mo
a_c84316f5_433_mq.jpg, mq
a_c84316f5_434_mw.jpg, mw
a_c84316f5_435_me.jpg, me
a_c84316f5_436_m1.jpg, m1
a_c84316f5_437_m2.jpg, m2
a_c84316f5_438_m3.jpg, m3
a_c84316f5_439_m4.jpg, m4
a_c84316f5_440_m5.jpg, m5
a_c84316f5_441_rc.jpg, rc
a_c84316f5_442_ro.jpg, ro
a_c84316f5_443_rq.jpg, rq
a_c84316f5_444_rw.jpg, rw
a_c84316f5_445_re.jpg, re
a_c84316f5_446_r1.jpg, r1
a_c84316f5_447_r2.jpg, r2
a_c84316f5_448_r3.jpg, r3
a_c84316f5_449_r4.jpg, r4
a_c84316f5_450_r5.jpg, r5
a_c84316f5_451_lc.jpg, lc
a_c84316f5_452_lo.jpg, lo
a_c84316f5_453_lq.jpg, lq
a_c84316f5_454_lw.jpg, lw
a_c84316f5_455_le.jpg, le
a_c84316f5_456_l1.jpg, l1
a_c84316f5_457_l2.jpg, l2
a_c84316f5_458_l3.jpg, l3
a_c84316f5_459_l4.jpg, l4
a_c84316f5_460_l5.jpg, l5
a_c84316f5_461_mc.jpg, mc
a_c84316f5_462_mo.jpg, mo
a_c84316f5_463_mq.jpg, mq
a_c84316f5_464_mw.jpg, mw
a_c84316f5_465_me.jpg, me
a_c84316f5_466_m1.jpg, m1
a_c84316f5_467_m2.jpg, m2
a_c84316f5_468_m3.jpg, m3
a_c84316f5_469_m4.jpg, m4
a_c84316f5_470_m5.jpg, m5
a_c84316f5_471_rc.jpg, rc
a_c84316f5_472_ro.jpg, ro
a_c84316f5_473_rq.jpg, rq
a_c84316f5_474_rw.jpg, rw
a_c84316f5_475_re.jpg, re
a_c84316f5_476_r1.jpg, r1
a_c84316f5_477_r2.jpg, r2
a_c84316f5_478_r3.jpg, r3
a_c84316f5_479_r4.jpg, r4
a_c84316f5_480_r5.jpg, r5
a_c84316f5_481_lc.jpg, lc
a_c84316f5_482_lo.jpg, lo
a_c84316f5_483_lq.jpg, lq
a_c84316f5_484_lw.jpg, lw
a_c84316f5_485_le.jpg, le
a_c84316f5_486_l1.jpg, l1
a_c84316f5_487_l2.jpg, l2
a_c84316f5_488_l3.jpg, l3
a_c84316f5_489_l4.jpg, l4
a_c84316f5_490_l5.jpg, l5
a_c84316f5_491_mc.jpg, mc
a_c84316f5_492_mo.jpg, mo
a_c84316f5_493_mq.jpg, mq
a_c84316f5_494_mw.jpg, mw
a_c84316f5_495_me.jpg, me
a_c84316f5_496_m1.jpg, m1
a_c84316f5_497_m2.jpg, m2
a_c84316f5_498_m3.jpg, m3
a_c84316f5_499_m4.jpg, m4
a_c84316f5_500_m5.jpg, m5
a_c84316f5_501_rc.jpg, rc
a_c84316f5_502_ro.jpg, ro
a_c84316f5_503_rq.jpg, rq
a_c84316f5_504_rw.jpg, rw
a_c84316f5_505_re.jpg, re
a_c84316f5_506_r1.jpg, r1
a_c84316f5_507_r2.jpg, r2
a_c84316f5_508_r3.jpg, r3
a_c84316f5_509_r4.jpg, r4
a_c84316f5_510_r5.jpg, r5
a_c84316f5_511_lc.jpg, lc
a_c84316f5_512_lo.jpg, lo
a_c84316f5_513_lq.jpg, lq
a_c84316f5_514_lw.jpg, lw
a_c84316f5_515_le.jpg, le
a_c84316f5_516_l1.jpg, l1
a_c84316f5_517_l2.jpg, l2
a_c84316f5_518_l3.jpg, l3
a_c84316f5_519_l4.jpg, l4
a_c84316f5_520_l5.jpg, l5
a_c84316f5_521_mc.jpg, mc
a_c84316f5_522_mo.jpg, mo
a_c84316f5_523_mq.jpg, mq
a_c84316f5_524_mw.jpg, mw
a_c84316f5_525_me.jpg, me
a_c84316f5_526_m1.jpg, m1
a_c84316f5_527_m2.jpg, m2
a_c84316f5_528_m3.jpg, m3
a_c84316f5_529_m4.jpg, m4
a_c84316f5_530_m5.jpg, m5
a_c84316f5_531_rc.jpg, rc
a_c84316f5_532_ro.jpg, ro
a_c84316f5_533_rq.jpg, rq
a_c84316f5_534_rw.jpg, rw
a_c84316f5_535_re.jpg, re
a_c84316f5_536_r1.jpg, r1
a_c84316f5_537_r2.jpg, r2
a_c84316f5_538_r3.jpg, r3
a_c84316f5_539_r4.jpg, r4
a_c84316f5_540_r5.jpg, r5
a_c84316f5_541_lc.jpg, lc
a_c84316f5_542_lo.jpg, lo
a_c84316f5_543_lq.jpg, lq
a_c84316f5_544_lw.jpg, lw
a_c84316f5_545_le.jpg, le
a_c84316f5_546_l1.jpg, l1
a_c84316f5_547_l2.jpg, l2
a_c84316f5_548_l3.jpg, l3
a_c84316f5_549_l4.jpg, l4
a_c84316f5_550_l5.jpg, l5
a_c84316f5_551_mc.jpg, mc
a_c84316f5_552_mo.jpg, mo
a_c84316f5_553_mq.jpg, mq
a_c84316f5_554_mw.jpg, mw
a_c84316f5_555_me.jpg, me
a_c84316f5_556_m1.jpg, m1
a_c84316f5_557_m2.jpg, m2
a_c84316f5_558_m3.jpg, m3
a_c84316f5_559_m4.jpg, m4
a_c84316f5_560_m5.jpg, m5
a_c84316f5_561_rc.jpg, rc
a_c84316f5_562_ro.jpg, ro
a_c84316f5_563_rq.jpg, rq
a_c84316f5_564_rw.jpg, rw
a_c84316f5_565_re.jpg, re
a_c84316f5_566_r1.jpg, r1
a_c84316f5_567_r2.jpg, r2
a_c84316f5_568_r3.jpg, r3
a_c84316f5_569_r4.jpg, r4
a_c84316f5_570_r5.jpg, r5
a_c84316f5_571_lc.jpg, lc
a_c84316f5_572_lo.jpg, lo
a_c84316f5_573_lq.jpg, lq
a_c84316f5_574_lw.jpg, lw
a_c84316f5_575_le.jpg, le
a_c84316f5_576_l1.jpg, l1
a_c84316f5_577_l2.jpg, l2
a_c84316f5_578_l3.jpg, l3
a_c84316f5_579_l4.jpg, l4
a_c84316f5_580_l5.jpg, l5
a_c84316f5_581_mc.jpg, mc
a_c84316f5_582_mo.jpg, mo
a_c84316f5_583_mq.jpg, mq
a_c84316f5_584_mw.jpg, mw
a_c84316f5_585_me.jpg, me
a_c84316f5_586_m1.jpg, m1
a_c84316f5_587_m2.jpg, m2
a_c84316f5_588_m3.jpg, m3
a_c84316f5_589_m4.jpg, m4
a_c84316f5_590_m5.jpg, m5
a_c84316f5_591_rc.jpg, rc
a_c84316f5_592_ro.jpg, ro
a_c84316f5_593_rq.jpg, rq
a_c84316f5_594_rw.jpg, rw
a_c84316f5_595_re.jpg, re
a_c84316f5_596_r1.jpg, r1
a_c84316f5_597_r2.jpg, r2
a_c84316f5_598_r3.jpg, r3
a_c84316f5_599_r4.jpg, r4
a_c84316f5_600_r5.jpg, r5
a_c84316f5_601_lc.jpg, lc
a_c84316f5_602_lo.jpg, lo
a_c84316f5_603_lq.jpg, lq
a_c84316f5_604_lw.jpg, lw
a_c84316f5_605_le.jpg, le
a_c84316f5_606_l1.jpg, l1
a_c84316f5_607_l2.jpg, l2
a_c84316f5_608_l3.jpg, l3
a_c84316f5_609_l4.jpg, l4
a_c84316f5_610_l5.jpg, l5
a_c84316f5_611_mc.jpg, mc
a_c84316f5_612_mo.jpg, mo
a_c84316f5_613_mq.jpg, mq
a_c84316f5_614_mw.jpg, mw
a_c84316f5_615_me.jpg, me
a_c84316f5_616_m1.jpg, m1
a_c84316f5_617_m2.jpg, m2
a_c84316f5_618_m3.jpg, m3
a_c84316f5_619_m4.jpg, m4
a_c84316f5_620_m5.jpg, m5
a_c84316f5_621_rc.jpg, rc
a_c84316f5_622_ro.jpg, ro
a_c84316f5_623_rq.jpg, rq
a_c84316f5_624_rw.jpg, rw
a_c84316f5_625_re.jpg, re
a_c84316f5_626_r1.jpg, r1
a_c84316f5_627_r2.jpg, r2
a_c84316f5_628_r3.jpg, r3
a_c84316f5_629_r4.jpg, r4
a_c84316f5_630_r5.jpg, r5
a_c84316f5_631_lc.jpg, lc
a_c84316f5_632_lo.jpg, lo
a_c84316f5_633_lq.jpg, lq
a_c84316f5_634_lw.jpg, lw
a_c84316f5_635_le.jpg, le
a_c84316f5_636_l1.jpg, l1
a_c84316f5_637_l2.jpg, l2
a_c84316f5_638_l3.jpg, l3
a_c84316f5_639_l4.jpg, l4
a_c84316f5_640_l5.jpg, l5
a_c84316f5_641_mc.jpg, mc
a_c84316f5_642_mo.jpg, mo
a_c84316f5_643_mq.jpg, mq
a_c84316f5_644_mw.jpg, mw
a_c84316f5_645_me.jpg, me
a_c84316f5_646_m1.jpg, m1
a_c84316f5_647_m2.jpg, m2
a_c84316f5_648_m3.jpg, m3
a_c84316f5_649_m4.jpg, m4
a_c84316f5_650_m5.jpg, m5
a_c84316f5_651_rc.jpg, rc
a_c84316f5_652_ro.jpg, ro
a_c84316f5_653_rq.jpg, rq
a_c84316f5_654_rw.jpg, rw
a_c84316f5_655_re.jpg, re
a_c84316f5_656_r1.jpg, r1
a_c84316f5_657_r2.jpg, r2
a_c84316f5_658_r3.jpg, r3
a_c84316f5_660_r4.jpg, r4
a_c84316f5_661_r5.jpg, r5
